"reproductive_rate","natural_distance_scale","percent_natural_dispersal","anthropogenic_distance_scale","natural_kappa","anthropogenic_kappa","accuracy","precision","recall","specificity","rmse","distance_difference","mcc","quantity_disagreement","allocation_disagreement","configuration_disagreement"
5.69,46.4,0.961,7900,0,0,0.9925,1,0.25,1,2.59807621135332,0,0.498116754136899,3,0,0
5.17,52.9,0.951,5100,0,0,0.9925,1,0.25,1,2.59807621135332,0,0.498116754136899,3,0,0
7.41,47.7,0.963,3800,0,0,0.9925,1,0.25,1,2.59807621135332,0,0.498116754136899,3,0,0
7.16,113.7,0.877,4400,0,0,0.9925,1,0.25,1,2.59807621135332,0,0.498116754136899,3,0,0
5.16,69.7,0.894,5600,0,0,0.9925,1,0.25,1,2.59807621135332,0,0.498116754136899,3,0,0
7.56460112371236,66.5212177170424,0.958500566863343,4069.0869538621,0,0,0.9925,1,0.25,1,2.59807621135332,0,0.498116754136899,3,0,0
7.47164641493079,63.8709456603756,0.961700647761655,4356.63776116451,0,0,0.995,1,0.5,1,2.54950975679639,0,0.705327893384297,2,0,0
8.24163277218591,78.9699260605191,0.938332294401468,992.937958662323,0,0,0.9925,1,0.25,1,2.17944947177034,0,0.498116754136899,3,0,0
4.42296101382125,39.4423630869033,0.935640908326623,6467.72906806903,0,0,0.9975,1,0.75,1,0.707106781186548,0,0.864934003976174,1,0,0
7.10293638435368,51.7114167138083,0.977037950060949,4985.68724340449,0,0,0.995,1,0.5,1,1.3228756555323,0,0.705327893384297,2,0,0
